<?xml version="1.0" encoding="UTF-8"?>
<project-private xmlns="http://www.netbeans.org/ns/project-private/1">
    <editor-bookmarks xmlns="http://www.netbeans.org/ns/editor-bookmarks/2" lastBookmarkId="0"/>
    <open-files xmlns="http://www.netbeans.org/ns/projectui-open-files/2">
        <group>
            <file>file:/C:/Users/vitor/Desktop/Padoca/src/padoca_dados/Compra.java</file>
            <file>file:/C:/Users/vitor/Desktop/Padoca/src/padoca_dados/Estoque.java</file>
            <file>file:/C:/Users/vitor/Desktop/Padoca/src/padoca_interface/Inicio.java</file>
            <file>file:/C:/Users/vitor/Desktop/Padoca/src/padoca_dados/Produto.java</file>
        </group>
    </open-files>
</project-private>
